"","Date","Visitor","G","Home","G","","Att.","LOG","Notes"
"1","2014-04-16","Dallas Stars","3","Anaheim Ducks","4","","","",""
"2","2014-04-16","Columbus Blue Jackets","3","Pittsburgh Penguins","4","","","",""
"3","2014-04-16","Montreal Canadiens","5","Tampa Bay Lightning","4","OT","","",""
"4","2014-04-17","Minnesota Wild","4","Colorado Avalanche","5","OT","","",""
"5","2014-04-17","Philadelphia Flyers","1","New York Rangers","4","","","",""
"6","2014-04-17","Los Angeles Kings","3","San Jose Sharks","6","","","",""
"7","2014-04-17","Chicago Blackhawks","3","St. Louis Blues","4","3OT","","",""
"8","2014-04-18","Dallas Stars","2","Anaheim Ducks","3","","","",""
"9","2014-04-18","Detroit Red Wings","1","Boston Bruins","0","","","",""
"10","2014-04-18","Montreal Canadiens","4","Tampa Bay Lightning","1","","","",""
"11","2014-04-19","Minnesota Wild","2","Colorado Avalanche","4","","","",""
"12","2014-04-19","Columbus Blue Jackets","4","Pittsburgh Penguins","3","2OT","","",""
"13","2014-04-19","Chicago Blackhawks","3","St. Louis Blues","4","OT","","",""
"14","2014-04-20","Detroit Red Wings","1","Boston Bruins","4","","","",""
"15","2014-04-20","Tampa Bay Lightning","2","Montreal Canadiens","3","","","",""
"16","2014-04-20","Philadelphia Flyers","4","New York Rangers","2","","","",""
"17","2014-04-20","Los Angeles Kings","2","San Jose Sharks","7","","","",""
"18","2014-04-21","Pittsburgh Penguins","4","Columbus Blue Jackets","3","","","",""
"19","2014-04-21","St. Louis Blues","0","Chicago Blackhawks","2","","","",""
"20","2014-04-21","Anaheim Ducks","0","Dallas Stars","3","","","",""
"21","2014-04-21","Colorado Avalanche","0","Minnesota Wild","1","OT","","",""
"22","2014-04-22","Boston Bruins","3","Detroit Red Wings","0","","","",""
"23","2014-04-22","San Jose Sharks","4","Los Angeles Kings","3","OT","","",""
"24","2014-04-22","Tampa Bay Lightning","3","Montreal Canadiens","4","","","",""
"25","2014-04-22","New York Rangers","4","Philadelphia Flyers","1","","","",""
"26","2014-04-23","Pittsburgh Penguins","3","Columbus Blue Jackets","4","OT","","",""
"27","2014-04-23","St. Louis Blues","3","Chicago Blackhawks","4","OT","","",""
"28","2014-04-23","Anaheim Ducks","2","Dallas Stars","4","","","",""
"29","2014-04-24","Boston Bruins","3","Detroit Red Wings","2","OT","","",""
"30","2014-04-24","San Jose Sharks","3","Los Angeles Kings","6","","","",""
"31","2014-04-24","Colorado Avalanche","1","Minnesota Wild","2","","","",""
"32","2014-04-25","Dallas Stars","2","Anaheim Ducks","6","","","",""
"33","2014-04-25","New York Rangers","1","Philadelphia Flyers","2","","","",""
"34","2014-04-25","Chicago Blackhawks","3","St. Louis Blues","2","OT","","",""
"35","2014-04-26","Detroit Red Wings","2","Boston Bruins","4","","","",""
"36","2014-04-26","Minnesota Wild","3","Colorado Avalanche","4","OT","","",""
"37","2014-04-26","Columbus Blue Jackets","1","Pittsburgh Penguins","3","","","",""
"38","2014-04-26","Los Angeles Kings","3","San Jose Sharks","0","","","",""
"39","2014-04-27","St. Louis Blues","1","Chicago Blackhawks","5","","","",""
"40","2014-04-27","Anaheim Ducks","5","Dallas Stars","4","OT","","",""
"41","2014-04-27","Philadelphia Flyers","2","New York Rangers","4","","","",""
"42","2014-04-28","Pittsburgh Penguins","4","Columbus Blue Jackets","3","","","",""
"43","2014-04-28","San Jose Sharks","1","Los Angeles Kings","4","","","",""
"44","2014-04-28","Colorado Avalanche","2","Minnesota Wild","5","","","",""
"45","2014-04-29","New York Rangers","2","Philadelphia Flyers","5","","","",""
"46","2014-04-30","Minnesota Wild","5","Colorado Avalanche","4","OT","","",""
"47","2014-04-30","Philadelphia Flyers","1","New York Rangers","2","","","",""
"48","2014-04-30","Los Angeles Kings","5","San Jose Sharks","1","","","",""
"49","2014-05-01","Montreal Canadiens","4","Boston Bruins","3","2OT","","",""
"50","2014-05-02","Minnesota Wild","2","Chicago Blackhawks","5","","","",""
"51","2014-05-02","New York Rangers","3","Pittsburgh Penguins","2","OT","","",""
"52","2014-05-03","Los Angeles Kings","3","Anaheim Ducks","2","OT","","",""
"53","2014-05-03","Montreal Canadiens","3","Boston Bruins","5","","","",""
"54","2014-05-04","Minnesota Wild","1","Chicago Blackhawks","4","","","",""
"55","2014-05-04","New York Rangers","0","Pittsburgh Penguins","3","","","",""
"56","2014-05-05","Los Angeles Kings","3","Anaheim Ducks","1","","","",""
"57","2014-05-05","Pittsburgh Penguins","2","New York Rangers","0","","","",""
"58","2014-05-06","Chicago Blackhawks","0","Minnesota Wild","4","","","",""
"59","2014-05-06","Boston Bruins","2","Montreal Canadiens","4","","","",""
"60","2014-05-07","Pittsburgh Penguins","4","New York Rangers","2","","","",""
"61","2014-05-08","Anaheim Ducks","3","Los Angeles Kings","2","","","",""
"62","2014-05-08","Boston Bruins","1","Montreal Canadiens","0","OT","","",""
"63","2014-05-09","Chicago Blackhawks","2","Minnesota Wild","4","","","",""
"64","2014-05-09","New York Rangers","5","Pittsburgh Penguins","1","","","",""
"65","2014-05-10","Montreal Canadiens","2","Boston Bruins","4","","","",""
"66","2014-05-10","Anaheim Ducks","2","Los Angeles Kings","0","","","",""
"67","2014-05-11","Minnesota Wild","1","Chicago Blackhawks","2","","","",""
"68","2014-05-11","Pittsburgh Penguins","1","New York Rangers","3","","","",""
"69","2014-05-12","Los Angeles Kings","3","Anaheim Ducks","4","","","",""
"70","2014-05-12","Boston Bruins","0","Montreal Canadiens","4","","","",""
"71","2014-05-13","Chicago Blackhawks","2","Minnesota Wild","1","OT","","",""
"72","2014-05-13","New York Rangers","2","Pittsburgh Penguins","1","","","",""
"73","2014-05-14","Montreal Canadiens","3","Boston Bruins","1","","","",""
"74","2014-05-14","Anaheim Ducks","1","Los Angeles Kings","2","","","",""
"75","2014-05-16","Los Angeles Kings","6","Anaheim Ducks","2","","","",""
"76","2014-05-17","New York Rangers","7","Montreal Canadiens","2","","","",""
"77","2014-05-18","Los Angeles Kings","1","Chicago Blackhawks","3","","","",""
"78","2014-05-19","New York Rangers","3","Montreal Canadiens","1","","","",""
"79","2014-05-21","Los Angeles Kings","6","Chicago Blackhawks","2","","","",""
"80","2014-05-22","Montreal Canadiens","3","New York Rangers","2","OT","","",""
"81","2014-05-24","Chicago Blackhawks","3","Los Angeles Kings","4","","","",""
"82","2014-05-25","Montreal Canadiens","2","New York Rangers","3","OT","","",""
"83","2014-05-26","Chicago Blackhawks","2","Los Angeles Kings","5","","","",""
"84","2014-05-27","New York Rangers","4","Montreal Canadiens","7","","","",""
"85","2014-05-28","Los Angeles Kings","4","Chicago Blackhawks","5","2OT","","",""
"86","2014-05-29","Montreal Canadiens","0","New York Rangers","1","","","",""
"87","2014-05-30","Chicago Blackhawks","4","Los Angeles Kings","3","","","",""
"88","2014-06-01","Los Angeles Kings","5","Chicago Blackhawks","4","OT","","",""
"89","2014-06-04","New York Rangers","2","Los Angeles Kings","3","OT","","",""
"90","2014-06-07","New York Rangers","4","Los Angeles Kings","5","2OT","","",""
"91","2014-06-09","Los Angeles Kings","3","New York Rangers","0","","","",""
"92","2014-06-11","Los Angeles Kings","1","New York Rangers","2","","","",""
"93","2014-06-13","New York Rangers","2","Los Angeles Kings","3","2OT","","",""
